电影名称,豆瓣评论数,豆瓣评分
集体回忆 - 张国荣 集w回 - s,753,9.3
坐在人生边上 杨绛,47,9.2
俞净意公遇灶神记,141,9.2
妙先生之火泽睽笑人传,141,9.1
霸王别姬,1069,9.1
背靠背脸对脸,8616,9.1
花为媒,1118,9.1
粉墨春秋,122,9.1
电影带你去旅行,122,9.1
战马 National Theatre Live: War Horse,130,9
流浪狗小黄的故事,102,9
遥望南方的童年,218,9
大冰的小屋,92,9
陈景润,64,9
古剑奇谭2：永夜初晗,271,8.9
未尽之路 未M之路,305,8.9
龙斌大话电影,735,8.9
逆,690,8.8
扬子江大鳄 Crocodile in the Yangtze,620,8.8
出路,299,8.7
聚焦,85,8.7
归来的局外人,324,8.6
大明宫,7346,8.6
东邪西毒：终极版 |邪西毒KO版,79666,8.6
爱与狗同行 叟c狗同行,902,8.6
张纯如――南京大屠杀 如,2881,8.6
变脸,12925,8.6
恐怖分子 恐怖份子,10653,8.6
走四方,148,8.6
西藏一年 A Year in Tibet,2294,8.6
你见过这样的赌鬼吗？,136,8.6
电影眼看中国,49,8.6
上海老爵士 As Time Goes by in Shanghai,301,8.5
小人国,899,8.5
同学,242,8.5
天水围的日与夜 天水的日c夜,65051,8.5
请为我投票 Please Vote for Me,14694,8.5
情归周恩来,183,8.5
帝国的兴衰,525,8.5
舌尖上的新年,15417,8.4
精诚大医,81,8.4
钱学森,122,8.4
鲜花,463,8.4
彼岸,2206,8.4
艾草,4984,8.4
香巴拉信使,953,8.4
开水要烫，姑娘要壮,175,8.4
侠女 b女,6223,8.4
还卜琴父以美丽,136,8.4
宗师之路,2220,8.4
武松与潘金莲,151,8.4
暖春,3766,8.4
卢浮宫之旅 Une visite au Louvre,675,8.4
摇摇晃晃的人间,89,8.3
寻味“左宗棠鸡” The Search for General Tso,233,8.3
飞鱼秀,1075,8.3
我和我的伙伴,89,8.3
孙子从美国来,24645,8.3
你还可爱么 你可埸N,6841,8.3
无蝉的夏天,1126,8.3
豆满江 ???,119,8.3
待业青年,22544,8.3
再见北京,147,8.3
童年的收音机,226,8.3
廉吏于成龙,157,8.3
太平天国 太平。天,402,8.3
405谋杀案,4119,8.3
坏诗人,68,8.3
最后的和弦,209,8.3
望长安,157,8.3
索玛花开的季节 索花_的季,43,8.3
水问,194,8.3
青年电影馆 第一季,126,8.3
亲兄弟,91,8.3
假凤虚凰,126,8.3
红跑道,1251,8.3
电影公嗨课,303,8.3
暴走看啥片,350,8.3
狼踪,159,8.2
地狱之旅：一个电影人的长征,579,8.2
八十一枚金币,93,8.2
蓝学校,450,8.2
游园惊梦,843,8.2
爸...你好吗？ 爸... 你好幔,7057,8.2
匿名游戏 匿名[,988,8.2
一年到头,3881,8.2
南京 Nanking,14514,8.2
迎春阁之风波 迎春w之L波,2016,8.2
董夫人,751,8.2
新局长到来之前,466,8.2
大地 The Good Earth,519,8.2
盘丝洞,544,8.2
毛嗑儿,307,8.2
老安,99,8.2
玉石传奇,160,8.2
暮鼓晨钟,66,8.2
师父,125898,8.1
路灯下的小女孩,203,8.1
邋遢大王奇遇记,6340,8.1
不要摄像机,642,8.1
横平竖直,99,8.1
滚拉拉的枪,1002,8.1
那时的他们,684,8.1
人造风景 Manufactured Landscapes,2729,8.1
恋爱与义务,402,8.1
老年男女,90,8.1
是梦 是,969,8.1
红楼梦 新版越剧《红楼梦》,183,8.1
新10放,134,8.1
家庭计划,86,8.1
鲫鱼,127,8.1
山中故事,199,8
东北花泽类之起幺蛾子,74,8
侠僧探案传奇之大夜叉,2276,8
魁拔Ⅲ战神崛起,17004,8
风晴雪回忆录,221,8
流浪33天,1778,8
巅峰记忆,142,8
我爱你妈妈 Wo ai ni mommy,67,8
碧罗雪山,1682,8
哈尔滨・回旋阶梯,93,8
志同志 I同志,2165,8
人民至上,140,8
清水的故事,126,8
立春,60415,8
秋决,676,8
秋雨,795,8
小说,2628,8
童年的最后一个夏天,249,8
喊山,1155,7.9
绝世高手,16750,7.9
台湾人在满洲国 台橙嗽M洲,55,7.9
我的渡口,67,7.9
北京鼠族 “ネズミ族”と呼ばれて～北京?地下住人の日々～,349,7.9
老那,273,7.9
父后七日 父後七日,12775,7.9
回家结婚,154,7.9
疯狂的赛车,159384,7.9
前门前 A Disappearance Foretold,188,7.9
太阳照常升起,99067,7.9
鬼佬 Ghosts,503,7.9
静静的嘛呢石,1476,7.9
无痛,58,7.9
三里洞,143,7.9
张博士,392,7.9
师傅,666,7.9
等郎妹,258,7.9
海南之后,49,7.8
可爱的你 五小孩的校L,23066,7.8
真爱,532,7.8
困战,66,7.8
大明劫,37739,7.8
蝴蝶梦,53,7.8
满洲国军：在“五族协和”的旗号下 褐莨～“五族f和”の旗の下に～,84,7.8
无憾 o憾,950,7.8
魁拔之十万火急,36428,7.8
永生羊,165,7.8
火线追凶之无罪辩护,2621,7.8
中尉,106,7.8
葫芦兄弟,8176,7.8
牛郎织女,738,7.8
集结号,104309,7.8
夕照街,758,7.8
日出,211,7.8
我叫MT剧场版 2013：草裙娃娃,38,7.8
火线追凶之死亡地带,2656,7.8
庐山风云,68,7.8
街口,288,7.8
魅力的中国铁道风景 魅惑の中国道L景,122,7.8
丘比特女孩 Ms.Cupid,992,7.8
老驴头,212,7.8
NHK \C中China,35,7.8
僵尸 ,56576,7.7
这些年一路有你,170,7.7
拉卜楞人家,62,7.7
火线追凶之血色刀锋,3156,7.7
生命无限公司 生命o限公司,1118,7.7
前妻,277,7.7
火线追凶之掘墓人,2850,7.7
火线追凶之冲破黑幕,2443,7.7
老张 Lao Zhang,66,7.7
走着瞧,11821,7.7
新鲁冰花：孩子的天空 新冰花：孩子的天空,907,7.7
歌舞升平,322,7.7
爱情的牙齿,22267,7.7
陆小凤传奇之陆小凤前传,6790,7.7
年年有今日,1746,7.7
我是张飞我怕谁,371,7.7
孩子那些事儿,188,7.7
2008分之1,88,7.7
现实是过去的未来,290,7.7
火线追凶之狂魔再现,2580,7.7
奇迹世界,7424,7.7
咱俩没完,26,7.7
有请老梁,50,7.7
小小得月楼,1156,7.7
老寨,67,7.7
大学生同居的事儿前传之歪打歪着,176,7.7
一个成人电影工作者的自白,132,7.6
闯入者,34984,7.6
催眠大师,178555,7.6
安大略合约,116,7.6
团圆,4247,7.6
爱呦，阿斗,474,7.6
边境风云,51551,7.6
童年的稻田 La rizière,91,7.6
天赐,103,7.6
幸福在2010,90,7.6
河流和我的父亲,176,7.6
火线追凶之黑枪疑云,2488,7.6
沂蒙六姐妹,1423,7.6
寻找那达慕,233,7.6
火线追凶之绝命狙击,2774,7.6
让我为你靠点谱,435,7.6
好猫,240,7.6
真功夫之奥运在我家,388,7.6
湍流,266,7.6
樱桃,3529,7.6
耳朵大有福,14680,7.6
蓝莓之夜 My Blueberry Nights,103194,7.6
陆小凤传奇之铁鞋传奇,6140,7.6
中国蓝 China Blue,337,7.6
女儿红,925,7.6
不一样的妈妈 不一拥,357,7.6
老狗,586,7.6
太阳总在左边,689,7.6
寻找阿依阔勒,165,7.6
柜族,77,7.6
火线追凶之突然死亡,2382,7.6
重聚,188,7.6
中非遇 When China Met Africa,85,7.6
一九四二：吾国吾民,1322,7.6
羊城暗哨,893,7.6
天下无贼,1439,7.6
食神,3601,7.6
南京路,245,7.6
谋杀 Murder,152,7.6
联华交响曲,210,7.6
孔二皮进城记,98,7.6
的哥,231,7.6
坏孩子的秋天,263,7.5
五月第一个星期一 The First Monday in May,354,7.5
雨水丰沛的季节,157,7.5
旋风九日,2218,7.5
全能灏,2440,7.5
侠僧探案传奇之催命符,1243,7.5
智取威虎山电影纪录片之打虎上山,489,7.5
猎时者,265,7.5
青春派,52158,7.5
婚纱照,7724,7.5
唐皇游地府,987,7.5
大碗茶,202,7.5
大国手之扬州论枰,345,7.5
我是植物人,1974,7.5
红领巾侠 The Red,16244,7.5
初见：停滞的时光,1323,7.5
小西天,243,7.5
走路上学,335,7.5
长安街,119,7.5
无声风铃 Soundless Wind Chime,5240,7.5
一席之地,2955,7.5
天水围的夜与雾 天水的夜cF,20869,7.5
海角七号 海角七,192665,7.5
筑梦2008,3423,7.5
冯志远,194,7.5
千年敬祈 A Thousand Years of Good Prayers,1273,7.5
纯爱,150,7.5
不能说的秘密 不能f的・秘密,225414,7.5
另一半,406,7.5
门徒 T徒,115010,7.5
滑稽时代,1025,7.5
赌王大骗局 王大_局,460,7.5
李双双,1242,7.5
孔夫子,764,7.5
火线追凶之惊魂宴,2420,7.5
何小光的夏天,139,7.5
野人也有爱,851,7.5
别说抱歉 别说再见,712,7.5
寻找智美更登,715,7.5
我自己的德意志,1064,7.5
中国力量 チャイナパワ`,723,7.5
女大学生宿舍,1000,7.5
妈妈去哪儿,161,7.5
混在北京,642,7.5
不良,653,7.5
槟榔西施,273,7.5
治愈之岛,308,7.4
夏洛特烦恼,310868,7.4
医者童心,216,7.4
侠僧探案传奇之洛阳花会,1328,7.4
绣春刀,162810,7.4
龙之谷：破晓奇兵,15626,7.4
老哨卡,76,7.4
胜利,75,7.4
甘南情歌,159,7.4
魔法时刻 The Magic Moment,643,7.4
远方在哪里,1220,7.4
玩大的,8662,7.4
保留,373,7.4
当爱来的时候 淼r候,7912,7.4
海上传奇,14218,7.4
卧龙天府 熊猫传奇,109,7.4
我是花下肥泥巴,55,7.4
透析,195,7.4
二十四城记,23686,7.4
一八九五,1139,7.4
好莱坞华人 Hollywood Chinese,85,7.4
陆小凤传奇之大金鹏王,6271,7.4
天马茶房 天R茶房,217,7.4
大咸湿 大咸,730,7.4
失婚老豆,233,7.4
八百壮士 八百咽,584,7.4
八千里路云和月,853,7.4
狼山喋血记,273,7.4
盲钻,406,7.4
来自阴道,53,7.4
光男的栗子 光男の栗,214,7.4
风花雪月,87,7.4
志愿者,595,7.4
摊开你的地图,386,7.4
中国已远――安东尼奥尼与中国,244,7.4
与男友的前女友密谈 c男友的前女友密,132,7.4
情归陶然亭,66,7.4
胖胖的夏天,36,7.4
莫小白的水怪日记,266,7.4
马乌甲,284,7.4
举自尘土,245,7.4
归省,132,7.4
谍影重重之上海,258,7.4
笛声何处,380,7.4
暗香,149,7.4
爱情天梯,487,7.4
第35届香港电影金像奖颁奖典礼 第35孟愀垭影金像C典Y,198,7.3
踏血寻梅 踏血っ,67163,7.3
喜丧(短片),72,7.3
有我在这里 I'm Here,820,7.3
侠僧探案传奇之开封府,1183,7.3
扫毒 叨,110421,7.3
索道医生,36,7.3
我在记忆里等你,472,7.3
敢想敢为,77,7.3
新娘,140,7.3
幸福速递,898,7.3
闪耀,163,7.3
这里有情况,6369,7.3
语路,1170,7.3
米香,1278,7.3
11度青春之《哎》,12467,7.3
线人 人,90002,7.3
喋血孤城,6736,7.3
宝贵的秘密,1240,7.3
谁动了我的幸福,994,7.3
胡同里的阳光,203,7.3
中国高考 Wide Angle: China Prep,148,7.3
地下的天空,370,7.3
你赔了我赚了,269,7.3
公园,605,7.3
金碧辉煌,274,7.3
无用,4036,7.3
夜・明,216,7.3
陆小凤传奇之血衣之谜,3836,7.3
陆小凤传奇之绣花大盗,4331,7.3
落叶归根,46699,7.3
一诺千金,604,7.3
中国鞋子 Die chinesischen Schuhe,354,7.3
邂逅 - 生命狂想曲 How's Life,159,7.3
夏日暖洋洋,1263,7.3
疯狂的代价,1120,7.3
火龙 火：坌掠X_-溥x的後半生,408,7.3
女儿经,169,7.3
蚀之章台秋柳,193,7.3
被遗弃的 被z的,162,7.3
中国原创音乐20年,96,7.3
龙门飞甲纪录片,939,7.3
万重浪 Ten Thousand Waves,130,7.3
寻找子怡,65,7.3
香格里拉 香格里拉(shangri-la),227,7.3
活着爱着乐着,1001,7.3
山楂树,152,7.3
有一种电影叫香港,230,7.3
医痴叶天士,362,7.3
信义兄弟,243,7.3
新生万喜,122,7.3
生死桥,271,7.3
美好2012：不可能的可能,149,7.3
轮回,457,7.3
飞船,399,7.3
大国手之胜者为王,394,7.3
大国手之当湖十局,442,7.3
痴心的我,554,7.3
成都，今夜请将我遗忘,486,7.3
火锅英雄,147459,7.2
熊出没之雪岭熊风,6188,7.2
侠僧探案传奇之醉玲珑,1238,7.2
侠僧探案传奇之聚义钱庄,2251,7.2
重返20岁,162608,7.2
军中乐园 中@,32577,7.2
救火英雄,41692,7.2
毒战 毒,104394,7.2
阿嬷的梦中情人 阿叩糁星槿,5576,7.2
我不是傻瓜,245,7.2
我11,41001,7.2
这里，那里,600,7.2
宅男电台,12838,7.2
不是闹着玩的,3728,7.2
复兴之路,157,7.2
迷墙,33,7.2
孟二冬,144,7.2
拉贝日记 John Rabe,20129,7.2
高考1977,20822,7.2
手风琴,359,7.2
证人,63106,7.2
逆转流星,565,7.2
温凉珠,419,7.2
姨妈的后现代生活,35783,7.2
陆小凤传奇之剑神一笑,4018,7.2
陆小凤传奇之银钩赌坊,4163,7.2
陆小凤传奇之决战前后,4715,7.2
我把初吻献给谁,102,7.2
陆小凤传奇之凤舞九天,4386,7.2
表姐，你好S！3之大人驾到,1372,7.2
三少爷的剑 三少的,1986,7.2
蚀之江枫渔火,58,7.2
天那边,3152,7.2
不许抢劫,379,7.2
扎赉诺尔,489,7.2
我的教师生涯,1371,7.2
勇士,103,7.2
一半一半,108,7.2
幸福成本,28,7.2
亲爱的,87,7.2
鸡蛋和石头,203,7.2
红色康拜因,619,7.2
贵圈好乱,104,7.2
国界,31,7.1
热干面的味道,92,7.1
离骚II・十年后,73,7.1
中国之旅 Voyage en Chine,1021,7.1
侠僧探案传奇之将军府,1166,7.1
黄克功案件,1976,7.1
春梦 春,67,7.1
我故乡的四种死亡方式,293,7.1
女导演,839,7.1
孤者定律,289,7.1
城市映像-西安篇《神医》,360,7.1
杨善洲,1388,7.1
乌鲁木齐的天空,106,7.1
不如归去,588,7.1
大国手之天下无敌,532,7.1
黑白照片,225,7.1
初见：最初的梦想,282,7.1
斗鸡人,177,7.1
前度,148378,7.1
打擂台,14827,7.1
错还,97,7.1
寂静之声,75,7.1
喇叭裤飘荡在一九八三 巴颜喀拉的雪,192,7.1
非诚勿扰,239850,7.1
即日启程,37859,7.1
西干道,155,7.1
砸掉你的牙,48,7.1
买买提的2008,362,7.1
一个好爸爸,29995,7.1
PK.COM.CN,10274,7.1
十八个手印,74,7.1
老港正传,13335,7.1
十三棵泡桐,18118,7.1
陆小凤传奇之幽灵山庄,4411,7.1
生日快乐,55646,7.1
天与地,2845,7.1
阿婴 阿,3235,7.1
新半斤八两,2119,7.1
夜盗珍妃墓,674,7.1
在那河畔青草青,604,7.1
智取威虎山电影纪录片之踏雪而行,641,7.1
火车在隔壁飞,174,7.1
我们是共产主义省略号,169,7.1
蜗牛也是牛,369,7.1
橡皮 Rubber,107,7.1
围剿,427,7.1
替补职员,95,7.1
女人TAXI女人,252,7.1
兵临城下,212,7.1
寒战2,117838,7
百日告e,1867,7
还俗,320,7
中国惊奇先生2015,304,7
第二次爱你,754,7
母亲的梦想,69,7
狼图腾,137446,7
侠僧探案传奇之大兴赌坊,1378,7
侠僧探案传奇之王陵之谜,1562,7
茗记4：尘封追忆,157,7
卒迹,857,7
亲・爱,3291,7
厨子戏子痞子,146975,7
率性生活之末日逆袭 率性生活之末日逆u,436,7
指尖太阳,59,7
杨梅洲,2540,7
七月流火,244,7
我最好的朋友江竹筠,81,7
大国手之首席棋待诏,358,7
爱的联想之《科学松鼠会》,140,7
幸福59厘米之小马,10344,7
狼来了,86,7
心灵风暴,99,7
我的糖,123,7
礼物,1263,7
金山 Iron Road,2112,7
生日,214,7
斗爱,2376,7
飞机总动员,246,7
彼岸浮生,71,7
一个人的奥林匹克,694,7
双食记,51181,7
血蝉,545,7
所有梦想都开花,189,7
S玛的十七岁,456,7
候鸟 候B,1500,7
三五成群,827,7
情人知己,842,7
女子监狱,2339,7
风云儿女,352,7
爸爸的秘密,31,7
蚀之怀朴抱素,208,7
大国手之棋行江湖,412,7
1942,2216,7
想爱都难,230,7
她们的名字叫红,510,7
明见万里 ????,91,7
盲人电影院,548,7
二冬,269,7
7电影系列,267,7
2014最美表演,495,7
纪念品,76,6.9
战狼,89126,6.9
侠僧探案传奇之白马镖局,1448,6.9
不能说的夏天 寒s效,10265,6.9
胖虎日记,373,6.9
西藏天空,1082,6.9
勇敢爱之爱情规划局,560,6.9
金刚经,1381,6.9
将令,832,6.9
鸡排英雄 u排英雄,11840,6.9
与爱别离 cex,213,6.9
初见：子非鱼,321,6.9
剑雨,96245,6.9
特别的爱,35,6.9
胡辣汤,69,6.9
酷马 酷R,1347,6.9
袁崇焕,57,6.9
你丫真狠,545,6.9
梅兰芳,85786,6.9
第一诫,16110,6.9
凤凰,2825,6.9
阿妹的诺言,90,6.9
箱子,722,6.9
别拿自己不当干部,11147,6.9
炮打双灯,1027,6.9
廉政第一击,899,6.9
应召女郎1988,798,6.9
御猫三戏锦毛鼠 御三蝈\毛鼠,434,6.9
南北醉拳,183,6.9
寻欢作乐,164,6.9
棋王和他的儿子,931,6.9
Parapax,229,6.9
小六,713,6.9
一日一夜,346,6.9
唐卡,114,6.9
私家历史私家菜,91,6.9
双胞胎,448,6.9
女神捕之计中计,161,6.9
明美的初恋,141,6.9
焚尸人,135,6.9
黑猫大旅社 黑大旅社,514,6.8
点对点 cc,1252,6.8
秦时明月之龙腾万里,19130,6.8
回光奏鸣曲 光奏Q曲,864,6.8
我是狼之火龙山大冒险,403,6.8
半音,152,6.8
美好2014,53,6.8
到不了,137,6.8
逃出生天,34400,6.8
开心超人,1628,6.8
这一刻，爱吧2013 @一刻，郯2013,8196,6.8
百年婚纱店,3554,6.8
画圣,474,6.8
天之恩赐 Hajab's Gift,51,6.8
记忆望着我,561,6.8
这一刻，爱吧！ @一刻，郯桑,2749,6.8
就是闹着玩的,2063,6.8
命运化妆师 命\化y,4916,6.8
郎在对门唱山歌,1147,6.8
酒徒,2150,6.8
我是丽 Io Sono Li,221,6.8
无底洞,2704,6.8
蛋炒饭,11146,6.8
守望者：罪恶迷途,13874,6.8
站起来,38,6.8
百合,1050,6.8
红灯梦,3050,6.8
冷场,50,6.8
喜羊羊与灰太狼之虎虎生威,14529,6.8
房子房子我爱你,730,6.8
熊猫回家路,4073,6.8
小城大爱,84,6.8
天堂凹,290,6.8
烽火,443,6.8
上海公园,541,6.8
投名状,93450,6.8
男儿本色,49409,6.8
暗物质 Dark Matter,6070,6.8
浮生,671,6.8
警察扒手两家亲 Jing cha pa shou liang jia qin,245,6.8
开心勿语,873,6.8
鼓书艺人,865,6.8
千王斗千霸 千王Y千霸,471,6.8
金盏花 金K花,606,6.8
神偷妙探手多多,155,6.8
应召女郎 召女郎,73,6.8
大地儿女 大地号,381,6.8
老四,60,6.8
蚀之春风桃李,173,6.8
黑蛋，快跑,49,6.8
潘作良 Pan Zuo Liang,73,6.8
升生两难,618,6.8
十三岁女孩,54,6.8
怒放,907,6.8
男孩都想有辆车,820,6.8
周恩来万隆之行,127,6.8
舟舟,50,6.8
照见,169,6.8
少年与刀,138,6.8
我心雀跃,209,6.7
记得少年那首歌,238,6.7
房客 The Tenant,61,6.7
十七岁 5月一号,7403,6.7
虚拟情人,74,6.7
蓝色骨头,16352,6.7
铁道 The Iron Ministry,104,6.7
谁是你的菜2014,10397,6.7
西游 西[,945,6.7
致闺蜜：在一起的那些年,54,6.7
青蛙王国,900,6.7
摘星的你,731,6.7
父亲,181,6.7
变身超人 身,16716,6.7
美好2013,129,6.7
三角地,178,6.7
城市映像-青岛篇《人人都爱李小曼》,333,6.7
龙门飞甲,165411,6.7
大国手之秦淮风月,351,6.7
花 Love and Bruises,9654,6.7
狗头金,37,6.7
一线缉毒,130,6.7
月满轩尼诗 月M尼,73938,6.7
72家租客,62659,6.7
白蜻蜓,114,6.7
万家灯火,278,6.7
点心葬礼 Dim Sum Funeral,236,6.7
铁人,1039,6.7
大河,44,6.7
夜玫瑰,1696,6.7
保持通话,100776,6.7
左岸,152,6.7
黄石的孩子 The Children of Huang Shi,16266,6.7
艳光四射歌舞团 G光四射歌舞F,785,6.7
我的美丽与哀愁 我的美c哀愁,1336,6.7
黑太阳南京大屠杀,652,6.7
皇家师姐4：直击证人 皇家姐IV直粼^人,808,6.7
表错7日情 表e7日情,869,6.7
教头 教^,494,6.7
蚀之霜天晓角,53,6.7
爱的替身,111,6.7
镖行天下前传之决战天涯,269,6.7
纳妾,971,6.7
卡门 卡门《the fat girl》,36,6.7
镖行天下之神武大炮,607,6.7
隐形侠,119,6.7
水雨童话,42,6.7
女神捕之现形,147,6.7
盲糖,296,6.7
镖行天下之瞒天过海,483,6.7
镖行天下之风云际会,499,6.7
清水里的刀子,210,6.6
不朽的时光,3509,6.6
老石,57,6.6
眼,1359,6.6
冲锋车 nh,24682,6.6
味道中国,1162,6.6
诡计1940,72,6.6
活下去 Carry On,69,6.6
杂色颗粒,37,6.6
狄仁杰之神都龙王,117010,6.6
猎杀中山狼,67,6.6
衣锦还乡,130,6.6
大上海,55696,6.6
双城计中计,10519,6.6
大闹天宫3D,4681,6.6
小婷,420,6.6
面引子 I引子,635,6.6
生死密电,128,6.6
星海,635,6.6
幸存日,773,6.6
壶王,78,6.6
指甲刀人魔,13507,6.6
外滩佚事,975,6.6
大明宫传奇,493,6.6
台北星期天,2400,6.6
金门新娘,90,6.6
我的唐朝兄弟,16841,6.6
刺水,172,6.6
我要飞翔,93,6.6
再生号 再生,8686,6.6
驯马手,46,6.6
琴麻岛的海,207,6.6
河上的爱情,3206,6.6
我的左手,591,6.6
飞行日志,2300,6.6
镖行天下之天下镖局,892,6.6
夜・上海,27518,6.6
绑架,15747,6.6
十品,85,6.6
红孩儿大话火焰山 Journey to the West,1145,6.6
人鬼神,1418,6.6
神探朱古力,1028,6.6
玉罗刹 玉_刹,176,6.6
潜水镜女孩,338,6.6
儿子媳妇和老娘,227,6.6
邓稼先,277,6.6
竹林七贤 Part 1,77,6.6
京都夏利,35,6.6
醉美人生,39,6.6
袁天罡之末日天劫,76,6.6
熊猫奶糖,414,6.6
武术班,182,6.6
五行伏妖,95,6.6
女神捕之迷局,144,6.6
盖世武生,51,6.6
镖行天下之走单骑,606,6.6
东北小佛爷,133,6.5
花山道口,61,6.5
太平轮(下)・彼岸,35295,6.5
忘了去懂你,4512,6.5
怒放之青春再见,8437,6.5
结婚那件事,1265,6.5
衰鸟向前冲,928,6.5
笑过2012,447,6.5
我老公不靠谱 我老婆唔够秤II：我老公唔生性,36928,6.5
母语,1852,6.5
异闻录之窥,333,6.5
云上太阳,446,6.5
三头鸟村记事录 UFO in Her Eyes,214,6.5
城市映像-台北篇《快递》,406,6.5
幸福59厘米之爱有多久,5365,6.5
消失的村庄,220,6.5
岁岁清明,641,6.5
跟踪孔令学,8059,6.5
西藏往事,2836,6.5
非诚勿扰2,216051,6.5
康定情歌,4023,6.5
完美嫁衣 抱抱俏佳人,38728,6.5
11度青春之《江湖再见》,8000,6.5
镖行天下前传之四百里加急,325,6.5
p,529,6.5
翻山,151,6.5
边检站,169,6.5
高兴,35954,6.5
大喜事 大质,1552,6.5
画皮 皮,227936,6.5
一半海水一半火焰,27276,6.5
左右,19200,6.5
移动之外,145,6.5
C+侦探 C+商,19880,6.5
镖行天下之龙骑禁军,590,6.5
男才女貌,15514,6.5
无人驾驶 o人{,1007,6.5
飞虎 w虎,1042,6.5
心动 心,697,6.5
射雕英雄传第三集 射雕英雄鞯谌集,358,6.5
月朦胧鸟朦胧 月朦VB朦V,592,6.5
镖行天下前传之终极任务,254,6.5
镖行天下前传之燃眉危机,251,6.5
小子不坏,78,6.5
混混,286,6.5
除却巫山,88,6.5
张思德,1707,6.5
闪闪的红星,609,6.5
女神捕之铁证,133,6.5
女神捕之杀手无名,131,6.5
女神捕之孽缘,140,6.5
女神捕之绝境,122,6.5
女神捕之局中局,146,6.5
兰州牛肉面,120,6.5
大国手之才子佳人,295,6.5
春蚕,421,6.5
一路顺风 一路L,147,6.4
相爱的七种设计 相鄣钠叻NO,118,6.4
欢・爱,69,6.4
战火中的芭蕾,928,6.4
红楼梦,95,6.4
一狱一世界：高登阔少蹲监日记 壹z壹世界：高登少_O日,3167,6.4
雏妓 r妓,23597,6.4
激情跳水梦,145,6.4
警察日记,1331,6.4
熊出没之夺宝熊兵,12274,6.4
房间里的舞蹈,250,6.4
风暴 L暴,77364,6.4
恋恋海湾 俸,194,6.4
波鲁鲁冰雪大冒险,1093,6.4
青年人打游戏，老年人打太极,82,6.4
暴走妈妈,134,6.4
风过菜花黄,36,6.4
新天生一对,35629,6.4
逆战,57098,6.4
城市映像-北京篇《旁边的陌生人》,291,6.4
李献计历险记,29195,6.4
如果爱,1384,6.4
硬汉2：奉陪到底,25685,6.4
云下的日子,2588,6.4
武林外传,127156,6.4
爱在微博蔓延时,4747,6.4
日照重庆,17931,6.4
狄仁杰之通天帝国,138469,6.4
玩酷青春,2405,6.4
穿越时空之大清宫祠,65,6.4
镖行天下前传之至尊国宝,333,6.4
镖行天下前传之库丁之谜,298,6.4
人有三急,1441,6.4
濠河边上的女人,25,6.4
命悬800公里,99,6.4
片刻暖和,67,6.4
明媚时光 明媚r光,1369,6.4
寻找微尘,118,6.4
鏖兵天府,63,6.4
袁隆平,169,6.4
喜羊羊与灰太狼之牛气冲天,16672,6.4
赤壁(下),86682,6.4
冈拉梅朵,1306,6.4
我叫刘跃进,17764,6.4
望山,25,6.4
我们害怕,999,6.4
皇家师姐,928,6.4
北京55日 55 Days at Peking,545,6.4
乐队,1307,6.4
非典情人,250,6.4
镖行天之前传之漠上风云,245,6.4
我们的十年,894,6.4
父子神探之神秘数字,164,6.4
镖行天下之七星端砚,462,6.4
再一次心跳,2120,6.4
我为故乡的死寂举行一个良辰吉日,38,6.4
女神捕之借刀,150,6.4
身男孩 Switch Man,266,6.4
皮绳上的魂,300,6.3
枝繁叶茂,182,6.3
1980年代的爱情,4873,6.3
兔侠之青黎传说,261,6.3
十万个冷笑话,58511,6.3
禁止吸烟,322,6.3
何二狗的名单,159,6.3
飘落的羽毛,507,6.3
初恋未满,7209,6.3
时间门,346,6.3
鸿门宴传奇,77761,6.3
北角,475,6.3
竞雄女侠秋瑾,2789,6.3
夏日乐悠悠,34362,6.3
李小龙我的兄弟,6895,6.3
一只狗的大学时光,2380,6.3
镖行天下前传之编外人选,252,6.3
镖行天下前传之虎口夺镖,273,6.3
快枪手,297,6.3
预审,707,6.3
安非他命,14246,6.3
旺角监狱,7597,6.3
心魔,5647,6.3
达达,1617,6.3
鱼不在水里,194,6.3
金钱帝国,32603,6.3
星月无尽 星月oM,1586,6.3
欣月童话,288,6.3
赤壁(上),112528,6.3
长江七号,155641,6.3
战・鼓 稹す,4017,6.3
铁三角,19040,6.3
八月一日,734,6.3
风雪狼道,275,6.3
爱情呼叫转移,117774,6.3
邓小平,662,6.3
猛鬼入侵黑社会,561,6.3
爱的逃兵,487,6.3
锦衣卫 \衣l,1150,6.3
爱的小屋 鄣男∥,55,6.3
有猫的房间,105,6.3
完美生活,172,6.3
父子神探之目击者,123,6.3
晤 不见,31,6.3
田园将芜,91,6.3
清淤,106,6.3
女神捕之心鬼难防,149,6.3
流氓,262,6.3
飓风之舞,102,6.3
红日,284,6.3
镖行天下之牡丹阁,467,6.3
北京印象,97,6.3
所爱非人,361,6.2
陪安东尼度过漫长岁月,47111,6.2
一个人的武林,38580,6.2
神秘世界历险记2,477,6.2
窃听风云3,98483,6.2
前任攻略,106032,6.2
吃纸的人,160,6.2
倾城,1962,6.2
弹无虚发之深藏不露,30,6.2
叶问：终极一战 ~：KO一,15879,6.2
愤怒的小孩,4482,6.2
后院有宝,148,6.2
小鱼吃大鱼,2940,6.2
阿尔巴特 Genghis: The Legend of the Ten,700,6.2
第一次,49975,6.2
糖豆八部,281,6.2
青春感恩记《父亲》之《父子篇》,4476,6.2
危机公关,446,6.2
闺蜜,550,6.2
看球记,2283,6.2
喜羊羊与灰太狼之兔年顶呱呱,7293,6.2
三人游,85,6.2
马文的战争,458,6.2
代课老师,38,6.2
短暂的生命,2077,6.2
夏天，有风吹过,1569,6.2
亲密,11320,6.2
隐形的翅膀,765,6.2
镖行天下之深宅大院,554,6.2
与熊猫共探险 China: The Panda Adventure,152,6.2
百年光影,46,6.2
7号差馆 7差^,771,6.2
沙滩仔与周师奶,1268,6.2
求爱敢死队 求鄹宜狸,1128,6.2
摩登土佬,81,6.2
蚵女,129,6.2
小东西,342,6.2
喜神,78,6.2
刺青怨,80,6.2
父子神探之千年咒,148,6.2
父子神探之玫瑰园疑云,157,6.2
镖行天下之桃花劫,465,6.2
夜未央,84,6.2
神马四兄弟,74,6.2
良辰吉日,32,6.2
恋歌,92,6.2
恋爱毕设,279,6.2
括号们,121,6.2
霍元甲,840,6.2
三城记,16247,6.1
妈咪侠 咪b,785,6.1
红包,315,6.1
脱轨时代,14097,6.1
北京爱情故事,108552,6.1
新建身份,62,6.1
爸爸去哪儿,69883,6.1
熊出没之年货,333,6.1
神秘吸引力,767,6.1
艾草仙姑,65,6.1
圣诞玫瑰,25261,6.1
金太狼的幸福生活,4473,6.1
骇战 BBSl民的正x,8286,6.1
绿林大冒险,620,6.1
微博有鬼 第二季,408,6.1
因情圆缺1：分手速递,781,6.1
四戒,1978,6.1
变节：潜罪犯 Laughing Gor之罪犯,24847,6.1
情遇成都,212,6.1
追爱,4639,6.1
代驾,122,6.1
戒烟不戒酒,13205,6.1
11度青春之《夕花朝拾》,5466,6.1
火龙对决,14381,6.1
秘岸,10167,6.1
多大事啊,1498,6.1
男生贾里新传,788,6.1
爱到底,18185,6.1
这儿是香格里拉 @菏窍愀窭锢,2958,6.1
狼牙,24007,6.1
硬汉,37160,6.1
黄金周 Routine Holiday,183,6.1
花吃了那女孩,44342,6.1
马石山十勇士,118,6.1
兄弟,17453,6.1
女人本色,10170,6.1
妖夜回廊 妖夜廊,3255,6.1
天地玄门,1457,6.1
倚天屠龙记大结局 倚天屠大Y局,417,6.1
倚天屠龙记 倚天屠,585,6.1
紫香槐下,48,6.1
苍梧三钗,190,6.1
潮爆北京,81,6.1
父子神探之双子座,122,6.1
夏都故事,113,6.1
下午狗叫,78,6.1
十面埋妇,76,6.1
入道,236,6.1
快递之王,164,6.1
星语心愿之再爱,2503,6
咱们结婚吧,55620,6
男人不可以穷 男人唔可以F,19742,6
等一个人咖啡 等一人咖啡,33711,6
追爱大布局 矍o全,17809,6
幸福中转栈,2663,6
咱们回家吧,142,6
半熟少女,4273,6
火线追凶2之黑色玫瑰,79,6
都市童话,175,6
青魇,7341,6
虫样年华,268,6
城市映像-成都篇《火锅》,635,6
英雄喋血,447,6
一路有你,13234,6
老虎都要嫁,1819,6
爱出色,42832,6
另类村姑,205,6
假戏真作,3247,6
11度青春之《阿泽的夏天》,5554,6
精武风云・陈真,54258,6
拍卖春天 拍u春天,2527,6
撕票风云 撕票L,7108,6
欠债还情,123,6
母大虫顾大嫂,178,6
游龙戏凤 [蝤P,55069,6
女人不坏,106690,6
车逝,1082,6
车票,2387,6
风云决,8629,6
两个人的房间,1213,6
再见古惑仔 黑萘,4006,6
请将我遗忘,1135,6
无懈可击,180,6
宝葫芦的秘密,5815,6
不道德的礼物,1495,6
表姐，你好S！4之情不自禁,429,6
碧水寒山夺命金,559,6
牛皮2,399,6
侠侣探案系列之寿筵丧钟,69,6
一人一花,119,6
上海日记,191,6
雷横与朱仝,279,6
光斑,44,6
电竞也疯狂,118,6
别惹小孩,454,6
德布西森林,59,5.9
爱情攻略 小姐T心,4570,5.9
哺乳期的女人,1437,5.9
赤道,65447,5.9
万物生长,89621,5.9
暴疯语,28166,5.9
顾大嫂与孙新,62,5.9
深夜前的五分钟,14994,5.9
近距离击杀,708,5.9
同桌的,143263,5.9
魔警,42728,5.9
李可乐寻人记,10319,5.9
勇敢爱之末日来电,2194,5.9
目击者,250,5.9
逐爱之旅,441,5.9
云之锦,710,5.9
爱的面包魂 鄣狞I包魂,10532,5.9
悬赏 壹t,10650,5.9
娱乐是个圈,201,5.9
城市映像-广州篇《微软》,308,5.9
当爸爸来敲门,145,5.9
有人拉屋米,551,5.9
西风烈,28198,5.9
迷城,4759,5.9
恋爱通告,94419,5.9
钧瓷蛤蟆砚,38,5.9
天生幻想狂,175,5.9
大搜查之女,17791,5.9
深海寻人,26654,5.9
扣篮对决,3056,5.9
夺帅 Z,10299,5.9
安娜与安娜,4772,5.9
天下第二,8961,5.9
意乱情迷,1974,5.9
米尼,3242,5.9
我的老婆是大佬3 ?? ??? 3,10107,5.9
正将 正,703,5.9
惊天大贼王,1017,5.9
G4特工,1959,5.9
亡命快递,98,5.9
"中国姑娘 She, a Chinese",518,5.9
土婆婆PK洋媳妇,320,5.9
马卓,544,5.9
离爱只有半米远,75,5.9
侠侣探案系列之绝命黄历,31,5.9
侠侣探案系列之古刹怪佛,95,5.9
做只海鸥也挺好,37,5.9
一线钟情,1260,5.9
天涯歌女,422,5.9
天下第一针,143,5.9
麦积山的呼唤,114,5.9
伦敦魅影,182,5.9
峨眉山,54,5.9
我的青春期,8973,5.8
霾没了,488,5.8
太平轮(上),61988,5.8
洋妞到我家,3046,5.8
最佳嫌疑人,7119,5.8
一个温州的女人,164,5.8
控制,18494,5.8
微风吹乱蜗牛心,54,5.8
老斗士,311,5.8
门巴将军,127,5.8
被偷走的那五年,94455,5.8
南平红荔,156,5.8
别惹丑女,628,5.8
海鲜陆战队 SeeFood,649,5.8
灵魂中转站,296,5.8
高海拔之恋Ⅱ,16450,5.8
微博有鬼 第一季,1140,5.8
幸福卡片 33 Postcards,725,5.8
像小强一样活着,3262,5.8
兔侠传奇,5514,5.8
劳拉的星星在中国 Lauras Stern und der geheimnisvolle Drache Nian,136,5.8
赵氏孤儿,110417,5.8
谎言大作战,2735,5.8
密室之不可告人,15545,5.8
尼玛的夏天,176,5.8
11度青春之《拳击手的秘密》,4670,5.8
爱你一万年,3732,5.8
美克拉,74,5.8
秋喜,7802,5.8
铁流1949,153,5.8
麋鹿王,221,5.8
木香镇传奇,50,5.8
神枪手 神手,22213,5.8
救我,2605,5.8
龙过鼠年,520,5.8
江北好人,1267,5.8
刺青,43552,5.8
日日夜夜,1553,5.8
出笼马骝 出\Rt,152,5.8
小李广花荣,300,5.8
古币奇缘,48,5.8
幸福59厘米之夜天使,743,5.8
石头剪刀布,430,5.8
三利股份 今日涨停,52,5.8
那个傻瓜爱过你,786,5.8
老虎,35,5.8
黄金大劫案,372,5.8
濠情岁月,270,5.8
不敢说再见,241,5.8
双程,1723,5.7
梦开始的地方,64,5.7
命中注定,38726,5.7
阴阳先生,1175,5.7
我的男友和狗 只要一分,9675,5.7
从哪来，到哪去,236,5.7
老男孩猛龙过江,93338,5.7
澳门风云 城L,86460,5.7
警察故事2013,65101,5.7
有种,2581,5.7
意外的恋爱时光,19054,5.7
花漾,16993,5.7
今天明天,221,5.7
百家乐翻天 夫Y妻,11536,5.7
分手合约,113581,5.7
101次求婚,119494,5.7
洛克王国2：圣龙的心愿,7653,5.7
纸月亮,541,5.7
跑出一片天,1061,5.7
37,366,5.7
为你而来,672,5.7
我和你,69,5.7
亲家过年,18228,5.7
双凤奇缘,44,5.7
全球热恋,80506,5.7
巴黎宝贝,19049,5.7
落难神偷,63,5.7
出轨的女人 出的女人,15600,5.7
刀见笑,21627,5.7
惊沙,462,5.7
哥的传说,844,5.7
天坛,61,5.7
西游新传,146,5.7
11度青春之《李雷和韩梅梅》,9594,5.7
A面B面,7613,5.7
杜拉拉升职记,167835,5.7
虎头要塞之图纸,44,5.7
完美新娘,3848,5.7
羊肉泡馍麻辣烫,145,5.7
丁克与宝贝,132,5.7
爱得起,16333,5.7
月光集市到中国 Chandni Chowk to China,2791,5.7
桃花运,59342,5.7
花花型警,21142,5.7
大电影2.0：两个傻瓜的荒唐事,23378,5.7
命运呼叫转移,43757,5.7
基因决定我爱你 基因Q定我,11679,5.7
当我们同在一起 我同在一起,995,5.7
警花燕子,2712,5.7
庄周梦蝶,144,5.7
悍妇憨夫,64,5.7
马桶上的甜蜜生活,81,5.7
津门三少爷,179,5.7
怪医唐慎微,159,5.7
超级大首映,43,5.7
爱在摇滚的岁月,49,5.7
万万没想到,109270,5.6
剩者为王,44287,5.6
落跑吧爱情 落跑吧矍,4916,5.6
恋爱中的城市,23664,5.6
澳门风云2 城LII,82189,5.6
我的充气恋人,302,5.6
大丑,138,5.6
神笔马良,5536,5.6
重生,1050,5.6
过界男女 ^界,10993,5.6
等风来,84967,5.6
私人订制,163593,5.6
犯罪现场：中国公主 Tatort - Die chinesische Prinzessin,35,5.6
一夜惊喜,82642,5.6
暗恋99天 等我勰,8688,5.6
性福来了,438,5.6
雨中的树,1292,5.6
婚礼告急,500,5.6
亲密敌人,55141,5.6
古宝奇缘,887,5.6
我知女人心,53968,5.6
杨雄与石秀,229,5.6
爱情维修站,8727,5.6
我的少女时代,195,5.6
11度青春之《L.I》,7201,5.6
黑梦,179,5.6
寻找刘三姐,907,5.6
天上掉下个林妹妹,136,5.6
七天爱上你,7751,5.6
注定爱你,174,5.6
爱的发声练习 鄣陌l,57638,5.6
嫁妆,53,5.6
神枪手与智多星,5223,5.6
内布拉斯加公主 The Princess of Nebraska,94,5.6
夜袭,1222,5.6
天堂口,33739,5.6
心中有鬼,10550,5.6
雀圣3自摸三百番 雀}3自摸三百番,6158,5.6
变脸迷情,1437,5.6
生死拳速,981,5.6
谁是卧底,97,5.6
择天记 第一季,288,5.6
幸福59厘米之北京门票,126,5.6
探灵档案,7861,5.6
私人定制,1941,5.6
飘来飘去,132,5.6
妈祖 Mazu,103,5.6
老外,129,5.6
九月杀,102,5.6
赌城月色 Casino Moon,107,5.6
出塞计・明日天涯,38,5.6
白雾谜岸,303,5.5
红衣小女孩 t衣小女孩,2716,5.5
兔子镇的火狐狸,528,5.5
龙在哪里？,1832,5.5
王子与108煞 108 Rois-Démons,1094,5.5
巴黎假期,10533,5.5
谜城,29983,5.5
金箍棒传奇2：沙僧的逆袭,840,5.5
蜡笔总动员 The Hero of Color City,1262,5.5
我的早更女友,69216,5.5
金色时光,61,5.5
天上的菊美,705,5.5
命运派对 末日派,1492,5.5
不肯去观音,992,5.5
王牌情敌 2013我HK恭职l,5934,5.5
刺夜,1637,5.5
醉后一夜,18125,5.5
春暖花开,223,5.5
台北飘雪 Snowfall in Taipei,9287,5.5
泊车殿下 泊殿下,56,5.5
恋爱恐慌症,22514,5.5
幸福59厘米之别闹，改日,564,5.5
我，十九岁 我，十九q,171,5.5
功夫・咏春,2657,5.5
黑猫警长电影版,2260,5.5
美丽密令,38996,5.5
九龙佩,162,5.5
财神到 神到,7936,5.5
扑克王 淇送,18186,5.5
可爱的中国,132,5.5
玉道,79,5.5
婚礼2008,4633,5.5
蝴蝶飞,12948,5.5
远山,38,5.5
彩票也疯狂,443,5.5
心想事成,2607,5.5
生死牛玉儒,134,5.5
地上最强,1647,5.5
打渔杀家,109,5.5
沉默的较量,295,5.5
一个人的追逃,54,5.5
辛亥革命,319,5.5
铁面孔目裴宣,58,5.5
金山鸿雁,37,5.5
哑孩儿,197,5.4
十月初五的月光,12617,5.4
无脚鸟,101,5.4
左耳,106783,5.4
大喜临门 大峙RT,2802,5.4
黄飞鸿之英雄有梦,42334,5.4
潜龙风云 大茶,5459,5.4
痞子英雄2：黎明升起 痞子英雄2：黎明再起,32475,5.4
江湖论剑实录,8456,5.4
毛驴县令之大事小情,273,5.4
三小强,2543,5.4
我爱的是你爱我,13553,5.4
圣龙奇兵大冒险,233,5.4
临终迨,4544,5.4
火线追凶2之夺命书院,91,5.4
金大坚与萧让,80,5.4
杨光的快乐生活,1645,5.4
大叔，我爱你,7473,5.4
父子TCK,188,5.4
非常营救,547,5.4
做次有钱人,4492,5.4
守望天山,89,5.4
消失打看,835,5.4
跟我的前妻谈恋爱,14467,5.4
诱杀,174,5.4
别跟狗较劲,140,5.4
城市之光,111,5.4
东风雨,17242,5.4
虹猫蓝兔火凤凰,455,5.4
铠甲勇士之帝皇侠,710,5.4
欠我十万零五千,3281,5.4
果,1606,5.4
武术之少年行,851,5.4
海上梦境,1540,5.4
第三个人,3058,5.4
寄生人,1689,5.4
校墓处 校墓,6599,5.4
双子神偷 p子神偷,21295,5.4
至尊无赖 至尊o,2260,5.4
地矿惊奇,89,5.4
吻信使,61,5.4
爱情折扣,241,5.4
盛糖乐队,447,5.4
入云龙公孙胜,140,5.4
品味北京,100,5.4
浮生若梦 浮生若,89,5.4
反角度美丽,206,5.4
捕蛇少年,186,5.4
杜拉拉追婚记,29164,5.3
暴走神探,10626,5.3
触不可及,28474,5.3
环城七十里,381,5.3
大峰祖师,502,5.3
毛驴县令之酸儿辣女,174,5.3
聪明的一休之反斗公主,1254,5.3
听见下雨的声音 下雨的音,6975,5.3
爱・回家,74,5.3
金刚王：死亡救赎,3407,5.3
一座城池,23149,5.3
摩登年代,20950,5.3
钢琴木马,2298,5.3
甜蜜18岁,1883,5.3
遇见另一种生活,282,5.3
暴走,155,5.3
变身母女,214,5.3
幸福迷途,1806,5.3
贪心鬼见鬼,202,5.3
爱在回响,67,5.3
喜羊羊与灰太狼之开心闯龙年,4636,5.3
双人床条约,2206,5.3
军事禁区,70,5.3
爱封了 I Phone You,3654,5.3
大武生,37676,5.3
财神客栈,34794,5.3
算吧啦，老豆！,792,5.3
大太阳,179,5.3
炫舞天鹅,311,5.3
回忆之前，忘记之后,78,5.3
背着你跳舞,1284,5.3
感情生活,1570,5.3
跳出去,8417,5.3
过去未来,120,5.3
盗版爱情,1439,5.3
疯狂的玫瑰,154,5.3
拼命三郎石秀,107,5.3
快乐奔跑,125,5.3
爱情国境线,100,5.3
凶魅,673,5.3
重庆 ??,489,5.3
夺标 Z,3456,5.3
盘尼西林1944,187,5.3
合约情人,46058,5.3
醒狮,1357,5.3
叶问 ~,418,5.3
母夜叉孙二娘,341,5.3
六扇门之双面人,48,5.3
蜡烛男孩的忧郁之死,44,5.3
灰姑娘之月,43,5.3
房不胜防,113,5.3
黑白,565,5.2
一念天堂,27289,5.2
第三种爱情,37956,5.2
有客到,1994,5.2
约定倒计时,507,5.2
一万年以后,7811,5.2
12金鸭 12金,13751,5.2
下一站再爱你,561,5.2
俐癜⒍,94,5.2
六福喜事,31767,5.2
夫妻游戏,602,5.2
古城会,68,5.2
一路顺疯,8462,5.2
喜羊羊与灰太狼之喜气羊羊过蛇年,3319,5.2
重返大海,3968,5.2
秘密花园,3749,5.2
冰雪11天,617,5.2
宝贝女儿好妈妈之吃记忆的大雪球,417,5.2
西门町 西T町,551,5.2
一八九四・甲午大海战,5593,5.2
潘多拉的宝剑,1228,5.2
密室之不可靠岸,13109,5.2
最强质,63540,5.2
翡翠明珠,7761,5.2
四个丘比特,3087,5.2
恶胎 禾,2701,5.2
情定三生,27,5.2
谁主沉浮,167,5.2
爱情呼叫转移Ⅱ：爱情左右,71174,5.2
回家的路,2231,5.2
上海红美丽,1164,5.2
大汉风之鸿门宴,292,5.2
铁猴子传奇之侠盗迷踪,78,5.2
关东棋王,54,5.2
侠侣探案系列之商女梦断,53,5.2
孤火,255,5.2
电竞之王,568,5.2
老九门番外之二月花开,3836,5.1
多情愫，今安在,90,5.1
虐杀12小时,48,5.1
北京时间,308,5.1
黑猫警长之翡翠之星,4705,5.1
魔法触恋,119,5.1
黎明之眼,522,5.1
一生一世,66456,5.1
毛驴县令之你我他,139,5.1
毛驴县令之母鸡打鸣,146,5.1
毛驴县令之歪打正着,213,5.1
一号目标,918,5.1
把乐带回家2014,361,5.1
甜心巧克力,4114,5.1
81号农场之保卫麦咭,266,5.1
爱别离,3609,5.1
杀戒,7699,5.1
阳光橱窗,414,5.1
梦幻岛,151,5.1
止杀令,3135,5.1
女王逆袭,58,5.1
最长的拥抱,413,5.1
乐翻天,2969,5.1
关于爱情和那些魔鬼,655,5.1
无言,642,5.1
电哪吒,452,5.1
一夜未了情,8296,5.1
镜中迷魂,453,5.1
夺命心跳,4532,5.1
老五的奥斯卡,966,5.1
5颗子弹,742,5.1
三国之见龙卸甲,39774,5.1
葬礼上的角斗 葬礼揸Fit人,1894,5.1
青藏线,164,5.1
追爱总动员,2771,5.1
青春好久不见,168,5.1
青面兽杨志,256,5.1
袁天罡之夺命天敌,58,5.1
一生有你,102,5.1
雪域迷城,393,5.1
六扇门之浴火恩仇,31,5.1
微博直播杀人事件,127,5
魔镜,1640,5
特功明星,72,5
有一个地方只有我们知道,102718,5
一路惊喜,24046,5
龟兔再跑,137,5
临时同居 失偌弊,25907,5
香气,2165,5
毛驴县令之移花接木,151,5
洛克王国3：圣龙的守护,3919,5
爱寻迷 邸ぁっ,1260,5
盗马记 IR,13876,5
链・爱,165,5
江南爱情故事,1501,5
啊朋友还钱,2364,5
制服,8670,5
烂滚夫斗烂滚妻 L夫YL妻,3914,5
小时代2：青木时代,127371,5
咏春小龙,8864,5
战将周希汉,49,5
全城高考,9423,5
我的狗狗我的爱,268,5
诡爱,1919,5
擒爱记,4461,5
真心话大冒险,7792,5
七个隆咚锵咚锵,471,5
梦游,3319,5
男得有爱,2402,5
你是哪里人,1492,5
爱情36计,4982,5
一不留神,2283,5
出水芙蓉,8823,5
小题大做,179,5
活该你单身,11629,5
大内密探灵灵狗 大让芴届``狗,103980,5
致命追击,35,5
乱青春 y青春,3687,5
豫菜皇后,148,5
疯狂粉丝王,1820,5
门,7863,5
铁猴子传奇之花影危机,76,5
一枝花与铁臂膊,61,5
鼓上蚤时迁,116,5
阻击克隆卡,43,5
碧瑶霜迷案,61,5
扈三娘与矮脚虎王英,437,5
鬼脸儿杜兴,100,5
功夫之王,344,5
厨子程天喜,42,5
以为是老大,69,4.9
冰美人,366,4.9
咕噜咕噜美人鱼,571,4.9
我要你开花,1202,4.9
还魂之迷失曼谷,940,4.9
京城81号,59149,4.9
蓝可儿之旅,1915,4.9
完美假妻168,4901,4.9
早安，冬日海,441,4.9
诡拼车,3649,4.9
德吉的诉讼,42,4.9
周恩来的四个昼夜,2986,4.9
爱情不NG,3455,4.9
给野兽献花,2273,4.9
女孩坏坏 女孩,1563,4.9
女人如花,1043,4.9
浮出水面的影子,484,4.9
绝录求生,1250,4.9
肩上蝶,19627,4.9
北川重生,43,4.9
绑架冰激凌,3127,4.9
庐山恋2010,7900,4.9
龙凤店,27375,4.9
我的美女老板,19377,4.9
七小罗汉,3685,4.9
火星没事,16988,4.9
马兰花,632,4.9
明明,20002,4.9
妃子笑,4951,4.9
原色丽人,68,4.9
暴力实验室,46,4.9
盗墓笔记,111485,4.8
魔都凶音,700,4.8
弱比少男闯女校,41,4.8
全力扣杀 全力扣,1892,4.8
消失的凶手,20067,4.8
天眼传奇,268,4.8
斗地主,2533,4.8
露水红颜,30868,4.8
求爱嫁期,1088,4.8
三生,1176,4.8
金牌流浪狗,473,4.8
西湖传奇,204,4.8
四大名捕2,37475,4.8
超级经纪人 超理人,10470,4.8
宫锁沉香,36495,4.8
咒・丝,1745,4.8
北漂鱼,3714,4.8
交换旅行,335,4.8
一起飞,4615,4.8
街头之王,1387,4.8
通往明日之爱 明日に架ける,48,4.8
民国警花,46,4.8
巨额交易,6166,4.8
第一大总统,603,4.8
白蛇传说,83590,4.8
抵抗！抵抗！,39,4.8
梦回鹿鼎记,2043,4.8
老夫子之小水虎传奇,1107,4.8
过界,2824,4.8
剑蝶,17117,4.8
野蛮的温柔,406,4.8
时尚先生,5672,4.8
吓死你 死你,1029,4.8
心花怒放,475,4.8
终极魔术,67,4.8
午夜照相馆 午夜照相^,671,4.8
子夜惊魂,42,4.8
石将军石勇,155,4.8
神算子蒋敬,86,4.8
猎头华尔兹,72,4.8
缴枪不杀,89,4.8
变幻的年代,536,4.8
伏魔探案之通灵撸Sir,74,4.7
股神,196,4.7
同班同学 同班同W,4603,4.7
情敌蜜月,9285,4.7
百团大战,10843,4.7
洛克王国4：出发！巨人谷,523,4.7
我爸比我小四岁,843,4.7
有种你爱我,29653,4.7
喜羊羊与灰太狼之羊年喜羊羊,1357,4.7
微爱之渐入佳境,54611,4.7
四大名捕大结局,30200,4.7
幸福快递 幸福快f,254,4.7
逆袭,474,4.7
大片,5360,4.7
笑功震武林,13221,4.7
谁HOLD住谁,215,4.7
金箍棒传奇,1221,4.7
请叫我英雄,2582,4.7
笔仙,11278,4.7
假如没有你,547,4.7
美女“如云”,73,4.7
精舞门2,3158,4.7
皇家刺青,6728,4.7
回路,889,4.7
精舞门,18827,4.7
棒子老虎鸡,7241,4.7
东方大港,68,4.7
美女食神,1752,4.7
大话神探 大神探,306,4.7
我的老婆未成年,330,4.7
双龙记,275,4.7
东方,295,4.7
魔比斯环 Thru the Moebius Strip,1333,4.6
罪恶救赎,55,4.6
巴啦啦小魔仙之魔箭公主,717,4.6
墓穴迷城,899,4.6
重生爱人,1896,4.6
道士出山,1627,4.6
四非,1005,4.6
封门诡影,1667,4.6
鸭王 王,15558,4.6
怪谈,3559,4.6
坏姐姐之拆婚联盟,7336,4.6
疯狂72小时,10064,4.6
一个潘康淖晕倚扪,1718,4.6
野草莓,118,4.6
青春盛宴,988,4.6
浮云,57,4.6
不二神探,88211,4.6
潮性办公室,5950,4.6
琴动我心,266,4.6
我们约会吧,6721,4.6
大玩家,5504,4.6
童眼,4590,4.6
梦回金沙城,722,4.6
隋朝来客,20242,4.6
功夫厨神 功夫N神,2904,4.6
味道男女,607,4.6
有只僵尸暗恋你 有b僵瓢倌,1727,4.6
我的老婆是赌圣 我老婆S},4507,4.6
森冤,3192,4.6
特警英雄,84,4.6
青丝,96,4.6
喜羊羊与灰太狼之懒羊羊当大厨,118,4.6
长江7号：超萌特攻队,835,4.5
菜鸟,197,4.5
王牌,7184,4.5
全城通缉,12768,4.5
赛尔号大电影4：圣魔之战,15051,4.5
百变爱人 Delete廴,3445,4.5
整容日记,52937,4.5
再见火锅,423,4.5
非常幸运,43715,4.5
牛胆神偷,893,4.5
玛德2号 德2,1755,4.5
终极大冒险,1117,4.5
绣花鞋,12152,4.5
温哥华酱油乐队,204,4.5
光棍终结者,1524,4.5
正・青春,4243,4.5
歼十出击,1936,4.5
大笑江湖,58523,4.5
鹿镇传奇,69,4.5
熊猫大侠,24887,4.5
大四喜,1955,4.5
大话股神,1546,4.5
少林僵尸 少林,292,4.5
我们恋爱吧,610,4.5
青苹果,971,4.5
活着,68,4.5
大漠追艳,70,4.5
灯塔下的恋人 羲下的偃,702,4.4
倩女箫魂,148,4.4
擦枪走火,3675,4.4
猛龙特 猛特,2063,4.4
三只小猪与神灯,333,4.4
恋爱排班表,1086,4.4
神探驾到 浮A宴,9818,4.4
天河,1680,4.4
欲望爱人,262,4.4
新大头儿子和小头爸爸之秘密计划,1007,4.4
爱情进化论,6014,4.4
黑暗之光,325,4.4
目标战,2537,4.4
早见，晚爱,4924,4.4
暴走吧，女人,7032,4.4
蓝调海之恋,370,4.4
宝岛双雄 up雄,5742,4.4
下一个奇迹,1439,4.4
画壁,81972,4.4
热浪球爱战 崂饲,3245,4.4
娜娜的玫瑰战争,8322,4.4
全城戒备,31650,4.4
替身传奇乐翻天,89,4.4
澳门1949,213,4.4
变身契约,265,4.4
猛男滚死队,3989,4.4
名花有主,111,4.4
爱情秘方,106,4.4
六扇门之苍生客栈,44,4.4
伏魔战士,51,4.4
不要和他约会,40,4.4
仙医神厨,54,4.3
超能太监2之黄金右手,386,4.3
没女神探 ]女神探,2119,4.3
别有动机,1729,4.3
再见我们的十年,1089,4.3
潜艇总动员5：时光宝盒,266,4.3
公路美人,493,4.3
宝贝，对不起,1070,4.3
欲望保姆,592,4.3
求爱大作战 吓不x3兄弟,3214,4.3
0.5的爱情,2866,4.3
小时代3：刺金时代,119595,4.3
喜羊羊与灰太狼之飞马奇遇记,17886,4.3
菲常事由,131,4.3
猎仇者,9057,4.3
心战 第6],5215,4.3
4B青年之4楼B座,4591,4.3
成都一夜,170,4.3
热血街头,1013,4.3
不怕贼惦记,7804,4.3
开心魔法,9288,4.3
纵身一跃,1987,4.3
魔侠传之唐吉可德,6020,4.3
虎王归来 Tiger Returns,213,4.3
落花有声,72,4.3
盗版猫,4943,4.3
狼灾记,7717,4.3
新东成西就,231,4.3
信箱,246,4.3
舞魅青春,34,4.3
我的干爹是个贼,41,4.3
铁猴子传奇之娇龙媚影,34,4.3
她们，他们,100,4.3
金枪手徐宁,91,4.3
记忆森林,137,4.3
夫妻合伙人,71,4.3
妄想症,558,4.2
九层妖塔,109387,4.2
我是奋青,1336,4.2
新步步惊心,15832,4.2
通灵之六世古宅,1749,4.2
北京纽约,11499,4.2
37次想你,455,4.2
狙击时刻,1114,4.2
我的青春蜜友,678,4.2
笔仙3,6547,4.2
硬汉奶爸,1837,4.2
恋者多喜欢,550,4.2
我为相亲狂,5185,4.2
唇唇欲动,5676,4.2
201314,6818,4.2
爱在那一天,6364,4.2
疯狂的蠢贼,3951,4.2
举起手来2：追击阿多丸号,13405,4.2
武动青春,245,4.2
灭门 玳T,4048,4.2
整容液事件1,116,4.2
疯狂飘移假爸爸,66,4.2
神医大道公前传,73,4.2
六扇门之玄武初现,76,4.2
六扇门之铁牢,32,4.2
新大头儿子和小头爸爸2一日成才,1523,4.1
爱在深秋 墼谏钋,328,4.1
浪漫天降,2745,4.1
宅女侦探桂香,18114,4.1
我是女王,12852,4.1
第七谎言 第七e言,1437,4.1
美丽笨女人,169,4.1
爸爸的假期,11364,4.1
西游记之大闹天宫,98422,4.1
完美超越,221,4.1
冲锋战警 nh鹁,3626,4.1
我的老婆是只猫,419,4.1
荷尔德林的陶,272,4.1
青春期,32231,4.1
回马枪,4462,4.1
逄郊讶,2064,4.1
惊情,361,4.1
超蛙战士之初露锋芒,603,4.1
超强台风,6863,4.1
第十九层空间,7736,4.1
聊斋系列之桃花劫,259,4.1
血战残阳,37,4.1
侠捕,253,4.1
听风捉影,59,4.1
铁翼重生之绝境勇士,46,4.1
龙门劫案,70,4
致青春・原来你还在这里,57237,4
我的极品女神,1690,4
古墓凶铃,39,4
澳门风云3 城LIII,58966,4
不良女警,244,4
我的校花妹妹2,63,4
东莞女孩,180,4
闯堂兔2疯狂马戏团,240,4
向阳花开,115,4
换爱七日,749,4
拆散专家,7194,4
北回归线,1116,4
欲望歌手,106,4
女生宿舍,5270,4
辛巴达历险记2,189,4
潜艇总动员4：章鱼奇遇记,673,4
第一眼爱情,541,4
青春如期2：青春梦想,154,4
古镇凶灵之巫咒缠身,1441,4
宗师卜六,159,4
笔仙Ⅱ,7659,4
什么叫做爱,568,4
刘老庄八十二壮士,460,4
爱谁谁,1509,4
绝色武器,5000,4
车在逋,14815,4
嫁个100分男人,9401,4
索马里真相,767,4
开心大冒险,467,4
夏日恋神马 傧傧傧,3421,4
今年一定要嫁出去,404,4
用心跳,111,4
芳香之城传奇,2085,4
策马 Stretch,205,4
异空危情,1872,4
荒村公寓,12610,4
唐伯虎点秋香2之四大才子,23058,4
三笑之才子佳人,11960,4
荒村客栈,7490,4
我不是女生,43,4
麻雀要革命,268,4
小英雄雨来,302,4
向着胜利前进,296,4
A计划电视剧剪辑版 东方海盗传奇,228,4
灵界室友,187,3.9
山炮进城2,1069,3.9
山炮进城,5106,3.9
心跳戈壁,831,3.9
猪猪侠之终极决战,1150,3.9
满洲里来的人,436,3.9
将错就错,7886,3.9
缘来是游戏,1058,3.9
好命先生,9645,3.9
大宅男 大宅,2579,3.9
迷魂之密室逃脱,1318,3.9
特殊身份,53023,3.9
隔窗有眼,224,3.9
枕边有张脸,2487,3.9
百万爱情宝贝,1021,3.9
平壤之约 ????? ??,1032,3.9
青春失乐园,14374,3.9
爱的三人行,209,3.9
歌舞青春,3410,3.9
双镖,504,3.9
九浅一深,81,3.9
一夜情深,837,3.9
魔法大逃亡,119,3.9
惊天破,10465,3.8
张震讲故事之合租屋,1060,3.8
大梦西游,822,3.8
我的老婆是明星 我老婆S明星,1089,3.8
谋杀似水年华,9399,3.8
不可思异,13361,3.8
爱情魔发师,296,3.8
谁动了我的梦想,3053,3.8
怨灵,4990,3.8
风云1927,114,3.8
夏日示爱,509,3.8
迦酥越挠越痒,2059,3.8
飞扬的青春,125,3.8
毕业那年,1798,3.8
宝马狂想曲,1330,3.8
乌龙戏凤2012 u大爆走,1377,3.8
闯堂兔,136,3.8
湘江北去,1039,3.8
寻龙夺宝 The Dragon Pearl,4308,3.8
我的野蛮女友2,6991,3.8
未来警察,31751,3.8
北京等待 Waiting in Beijing,650,3.8
七擒七纵七色狼 七擒七v七色狼,2200,3.8
武林群英传,43,3.8
霸道总裁与乡村女教师,43,3.8
我如花似玉的儿子,279,3.8
宠灵实验室之狸奴艾莉,37,3.7
爵迹,73064,3.7
大话西游3,35406,3.7
奔跑吧有情人,170,3.7
男神时代,4959,3.7
红髅,543,3.7
土豪520,3351,3.7
台北夜蒲团团转 台北夜蒲FFD,2176,3.7
凡人烦恼,105,3.7
花咒,1287,3.7
斐济99℃爱情,1093,3.7
超萌英雄,1168,3.7
古堡之吻,3077,3.7
哭恋,96,3.7
不爱不散,915,3.7
步步追魂,881,3.7
盗剑72小时,552,3.7
功夫侠,1278,3.7
夜幕惊魂,658,3.7
凶间雪山,4762,3.7
青春荷尔蒙,3110,3.7
残梦,1609,3.7
今天・明天,129,3.7
荒岛情未了,612,3.7
死亡迷局,226,3.7
惊魂游戏,1264,3.7
夜惊魂,2246,3.7
大人物,2548,3.7
11度青春之《东奔西游》,4264,3.7
大胃王,5622,3.7
玫瑰余香,73,3.7
泰山功夫,50,3.7
潜艇总动员,124,3.7
双煞,396,3.7
三体之灵魂危机,97,3.7
81格,106,3.7
房事百科,168,3.6
男二本色,262,3.6
小西天狄道传奇,210,3.6
一路向前,4680,3.6
等爱归来,550,3.6
搏击迷城,840,3.6
何以笙箫默,85078,3.6
爱情狂想曲,320,3.6
美人邦,2461,3.6
我的播音系女友,4307,3.6
冰封：重生之门,23533,3.6
再爱一次好不好,5509,3.6
青春荷尔蒙2躁动时代,250,3.6
夺樽,4331,3.6
诡镇,9275,3.6
光的棍,1155,3.6
诡婴吉咪 ,2299,3.6
爱很美,2376,3.6
三月情流感,3179,3.6
在一起,21934,3.6
黑客悲情,121,3.6
恐龙宝贝,119,3.6
蔡李佛,2949,3.6
宅男总动员,4178,3.6
追踪章鱼保罗,963,3.6
游侠红牡丹,61,3.6
蓝 Blue,228,3.6
喜气洋洋小金莲,295,3.6
奇迹三雄之扑克游戏,51,3.6
泡上美女总裁,130,3.6
聚客镇,70,3.6
尴尬青春,86,3.6
妖医,671,3.5
青蛙总动员,490,3.5
电商时代,1427,3.5
双生灵,393,3.5
迷与狂,1517,3.5
悬战,680,3.5
校园疯骚史之舞动青春,377,3.5
我只要我们在一起,450,3.5
爱你不等来生,230,3.5
精武青春 青春Y,577,3.5
毕业那年：分手季,1055,3.5
我的校花妹妹,331,3.5
与贼同屋,219,3.5
永春白鹤拳之擎天画卷,371,3.5
纯纯欲动,382,3.5
死亡邮件,3869,3.5
夜半梳头,1387,3.5
绝命航班 Last Flight,13215,3.5
谁说我们不会爱,6321,3.5
有招没招之爱情达人,417,3.5
功夫战斗机,1337,3.5
禁忌游戏之迷藏,716,3.5
我是裸模,252,3.5
爱爱迨,4393,3.5
女人公敌,5643,3.5
午夜微博,3044,3.5
电梯惊魂,1978,3.5
小小飞虎队,5184,3.5
守株人,616,3.5
少林达摩剑,105,3.5
半夜不要照镜子,2418,3.5
结婚狂想曲,1012,3.5
午夜凶梦,2265,3.5
完美的爱,273,3.5
熊猫总动员,970,3.5
新忠烈图,377,3.5
西域大都护,31,3.5
玩的就是艳遇,148,3.5
陪我,30,3.5
回到那年夏天,212,3.5
王牌逗王牌,15061,3.4
人在驴途,226,3.4
斗龙战士之星印罗盘,176,3.4
斗地主传奇之双王之王,152,3.4
南京东1937,55,3.4
从天“儿”降,11833,3.4
超能荷尔蒙,159,3.4
魔卡行动,904,3.4
白雪公主之神秘爸爸,313,3.4
时间都去哪了,500,3.4
我是谁2015,1898,3.4
道士出山2：伏魔军团,678,3.4
女神跟我走,1093,3.4
十万伙急 十f夥急,679,3.4
奔跑吧！兄弟,32020,3.4
密道追踪之阴兵虎符,1383,3.4
等你追我,235,3.4
神通佛影,335,3.4
女子分手专家,218,3.4
血彩,159,3.4
我在路上最爱你 ? ???,10079,3.4
80后的独立宣言,173,3.4
拼时代,737,3.4
铁血娇娃,3676,3.4
咆哮无声,337,3.4
HOLD住爱,16347,3.4
笔仙惊魂,4818,3.4
热爱岛,1825,3.4
月色狰狞,286,3.4
神马都是浮云,797,3.4
杨门女将之军令如山,18179,3.4
嘿店,2083,3.4
僵尸新战士 菩鹗,1050,3.4
刀客外传,2236,3.4
嘻游记,16544,3.4
四大美人儿,588,3.4
哈！哈！哈！,719,3.4
天台,435,3.4
捉妖济,148,3.4
重庆美女,2157,3.4
私人订做,714,3.4
拳皇,96,3.4
李元霸与宇文成都,42,3.4
佛魔之剑,101,3.4
触碰,33,3.3
深宫遗梦,264,3.3
租个男友过新年,41,3.3
泡妞秘籍,171,3.3
拳霸风云,583,3.3
临沧的诱惑,70,3.3
异种,982,3.3
三更车库,1367,3.3
完美约会,55,3.3
时光大战,1042,3.3
奔驰的大葱,473,3.3
孤岛,376,3.3
我们毕业的夏天,638,3.3
我的麦霸女友,56,3.3
巴啦啦小魔仙之魔法的考验,743,3.3
刺客,416,3.3
我的美丽王国,868,3.3
公主的诱惑,3188,3.3
白狐,8247,3.3
石器时代之百万大侦探,4010,3.3
快乐到家,45050,3.3
恋爱三万英尺,1387,3.3
稍安勿躁,1873,3.3
夜店诡谈,2185,3.3
拿铁花香,420,3.3
无界之地,466,3.3
午夜心跳,5631,3.3
麻辣甜心,1244,3.3
等着你回来,3158,3.3
功夫无敌,969,3.3
颜值江湖,35,3.3
六扇门之沦陷,47,3.3
韩子高,162,3.2
丑小鸭历险记,234,3.2
爱夜蒲之备胎上位,106,3.2
校花驾到2蜜桃时代,171,3.2
妈妈，让我再爱你一次,246,3.2
诱狼,1340,3.2
男人制造,264,3.2
黑瞳,196,3.2
张震讲故事之鬼迷心窍,3679,3.2
夺命旅行,785,3.2
死亡之谜,740,3.2
黄金福将,471,3.2
谍・莲花,891,3.2
分手木马计,134,3.2
诡替身,3697,3.2
国宝疑云,292,3.2
笔仙惊魂3,3256,3.2
化妆师,1876,3.2
非狐外传,8983,3.2
鞭・炮I,115,3.2
大寒桃花开,1663,3.2
疯狂的导演,2226,3.2
粉红女郎之爱人快跑,1583,3.2
午夜火车,1453,3.2
拯救第365天,140,3.2
非常绑匪,798,3.2
初恋浅规则,897,3.2
孤岛惊魂,29038,3.2
熊出没注意,505,3.2
我的雷人男友,1171,3.2
非常女秘书,122,3.2
鼠胆熊威 xiongdanshuwei,70,3.2
他叫苏格,535,3.2
藏龙,90,3.2
霸道总裁和他的男人,159,3.2
戴套吧豹头君,61,3.2
盲少爷的小女仆,224,3.1
购物女王,576,3.1
再见美人鱼,159,3.1
丧尸大战僵尸,298,3.1
丧尸屠城,184,3.1
谁杀了潘巾莲,74,3.1
大变局之梦回甲午,302,3.1
璀璨的婚礼,101,3.1
海岛之恋,313,3.1
吉星高照2015,2055,3.1
校花驾到之极品校花,1461,3.1
灵瞳,121,3.1
暖男电话,53,3.1
食人虫,2497,3.1
钢情,57,3.1
英雄之战,8518,3.1
菊花台,150,3.1
蝉翼,353,3.1
校花诡异事件,4208,3.1
一路狂奔,2940,3.1
别跟我谈高富帅,598,3.1
借你俩胆,513,3.1
我爱灰太狼,1699,3.1
十二星座离奇事件,10584,3.1
喜酒,298,3.1
玩命魔术,240,3.1
绝命岛,5474,3.1
鬼局之猛鬼大厦,88,3.1
功夫大师,191,3.1
死亡游戏,387,3
笔仙诡影,763,3
大内密探王二狗,160,3
风口青春,129,3
荒村怨灵,683,3
开罗宣言,2160,3
无敌小飞猪,233,3
碟仙诡谭,1488,3
武僧传奇之决战程子沟,153,3
大话天仙,22972,3
史前怪兽 Legendary,3747,3
201413,1334,3
陌陌含情,72,3
帝国秘符,4387,3
决战大洋,314,3
致命替身,687,3
哭笑不得,887,3
我的钱我做主,229,3
爱情终结战,107,3
空姐,191,3
极度隐私,49,3
赤色危机 The Blood Bond,399,3
白云山传奇,74,3
封神传奇,30490,2.9
恐怖爱情故事之死亡公路,596,2.9
失眠男女,362,2.9
遇见神仙的奇幻基夜,34,2.9
灵臆事件,672,2.9
逶,233,2.9
澳,186,2.9
枕边诡影,296,2.9
简单爱,322,2.9
分手，不分手,152,2.9
桃花侠大战菊花怪,381,2.9
山村姑娘,54,2.9
心咒,561,2.9
怖偶,3071,2.9
后备空姐,2154,2.9
特工艾米拉,8038,2.9
绑架大明星,806,2.9
喜剧王,455,2.9
美男记,893,2.9
奥运我爱你,344,2.9
我的白富美女友,46,2.9
上位2,38,2.9
青春盛宴2：边沿,40,2.9
笨贼别跑,178,2.8
西游记之锁妖封魔塔,202,2.8
半夜叫你别回头,792,2.8
笔仙魔咒,997,2.8
诡劫,354,2.8
非你勿扰,350,2.8
狂野飞车,592,2.8
默守那份情,107,2.8
惊魂电影院,1191,2.8
天边的孩子,587,2.8
天亮・分手,327,2.8
我是你的野蛮女友,367,2.8
床下有人2,1369,2.8
分手达人,4472,2.8
封门村,1876,2.8
丑男大翻身,335,2.8
猜心之人心可畏,118,2.8
丝袜会所,550,2.8
致命闪玩,543,2.8
诡魇,604,2.8
我爱灰太狼2,1537,2.8
模特魅影,2277,2.8
人间蒸发,2351,2.8
楼,1674,2.8
一夜成名,791,2.8
双截棍,1002,2.8
极速先锋,260,2.8
床下有人,4468,2.8
无极限之危情速递,6464,2.8
西柏坡,248,2.8
超能少年之烈维塔任务,265,2.8
西游之一路向东,199,2.8
无欲不爱,217,2.8
潜规则2：血泪代言,63,2.8
摇滚水果,651,2.7
雨夜惊魂,435,2.7
家有虎妻,168,2.7
人皮拼图,531,2.7
纯真年代,188,2.7
情剑,1423,2.7
恐怖游泳馆,1399,2.7
阿里巴巴：大盗奇兵,226,2.7
18爱不爱之怦然心动,61,2.7
陌路惊笑,548,2.7
美色时代,120,2.7
恐怖电影院,917,2.7
虐面人之死灵面膜,577,2.7
闪魂,2371,2.7
舍身技,207,2.7
不要迷恋姐,980,2.7
恐怖旅馆,1869,2.7
地域无门,1000,2.7
堵车,1595,2.7
异度公寓,3687,2.7
古宅魂迷,220,2.7
向钱冲，向前冲,44,2.7
狂蟒惊魂,586,2.7
欲罪,95,2.7
天神传,746,2.7
帝国刺客,179,2.7
假装看不见之电影大师,252,2.6
雏鸟的天空,71,2.6
诡娃娃,390,2.6
时尚女郎之女人江湖,101,2.6
魔镜奇缘,422,2.6
锦衣卫女神之豪,34,2.6
卧龙岗,622,2.6
诡八楼,831,2.6
中国好声音之为你转身,2665,2.6
蝙蝠别墅,929,2.6
艳遇丽江,344,2.6
爱上灰姑娘,51,2.6
宓捌姹,266,2.6
疯狂试爱,53,2.6
无贱道,169,2.6
嫩模圈,339,2.6
催命符之劫后重生,417,2.5
恐怖禁忌之红旗袍,460,2.5
床下有人3,738,2.5
秘术,3447,2.5
这个大叔不太,802,2.5
海神密码,428,2.5
青春雷锋,1733,2.5
笑咏春 笑春,490,2.5
致命请柬,1678,2.5
不死之身,204,2.4
火星归来,149,2.4
我是大明星,121,2.4
幸福很,175,2.4
星探 色模,422,2.4
少年杨靖宇,76,2.4
超能兔战队,499,2.4
青春.com,249,2.4
整形归来,66,2.4
雷锋的微笑,924,2.4
南泥湾,673,2.4
净土,35,2.4
悟空大战二郎神,452,2.4
笔仙归来,188,2.4
皇帝的新装之圣诞大明星,114,2.3
找个高富帅？,659,2.3
B区32号,5331,2.3
换脸新娘,93,2.3
白日杀机,131,2.2
戚继光英雄传,794,2.2
大震撼,210,2.2
渡灵人,176,2.1
